season,round,race_name,circuit,date,position,driver_code,driver_name,constructor,grid,laps,status,points,positions_gained
2020,1,Austrian Grand Prix,Red Bull Ring,2020-07-05,1,BOT,Valtteri Bottas,Mercedes,1,71,Finished,25.0,0
2020,1,Austrian Grand Prix,Red Bull Ring,2020-07-05,2,LEC,Charles Leclerc,Ferrari,7,71,Finished,18.0,5
2020,1,Austrian Grand Prix,Red Bull Ring,2020-07-05,3,NOR,Lando Norris,McLaren,3,71,Finished,16.0,0
2020,1,Austrian Grand Prix,Red Bull Ring,2020-07-05,4,HAM,Lewis Hamilton,Mercedes,5,71,Finished,12.0,1
2020,1,Austrian Grand Prix,Red Bull Ring,2020-07-05,5,SAI,Carlos Sainz,McLaren,8,71,Finished,10.0,3
2020,1,Austrian Grand Prix,Red Bull Ring,2020-07-05,6,PER,Sergio Pérez,Racing Point,6,71,Finished,8.0,0
2020,1,Austrian Grand Prix,Red Bull Ring,2020-07-05,7,GAS,Pierre Gasly,AlphaTauri,12,71,Finished,6.0,5
2020,1,Austrian Grand Prix,Red Bull Ring,2020-07-05,8,OCO,Esteban Ocon,Renault,14,71,Finished,4.0,6
2020,1,Austrian Grand Prix,Red Bull Ring,2020-07-05,9,GIO,Antonio Giovinazzi,Alfa Romeo,18,71,Finished,2.0,9
2020,1,Austrian Grand Prix,Red Bull Ring,2020-07-05,10,VET,Sebastian Vettel,Ferrari,11,71,Finished,1.0,1
2020,1,Austrian Grand Prix,Red Bull Ring,2020-07-05,11,LAT,Nicholas Latifi,Williams,20,71,Finished,0.0,9
2020,1,Austrian Grand Prix,Red Bull Ring,2020-07-05,12,KVY,Daniil Kvyat,AlphaTauri,13,69,Suspension,0.0,1
2020,1,Austrian Grand Prix,Red Bull Ring,2020-07-05,13,ALB,Alexander Albon,Red Bull,4,67,Electronics,0.0,-9
2020,1,Austrian Grand Prix,Red Bull Ring,2020-07-05,14,RAI,Kimi Räikkönen,Alfa Romeo,19,53,Wheel,0.0,5
2020,1,Austrian Grand Prix,Red Bull Ring,2020-07-05,15,RUS,George Russell,Williams,17,49,Fuel pressure,0.0,2
2020,1,Austrian Grand Prix,Red Bull Ring,2020-07-05,16,GRO,Romain Grosjean,Haas F1 Team,15,49,Brakes,0.0,-1
2020,1,Austrian Grand Prix,Red Bull Ring,2020-07-05,17,MAG,Kevin Magnussen,Haas F1 Team,16,24,Brakes,0.0,-1
2020,1,Austrian Grand Prix,Red Bull Ring,2020-07-05,18,STR,Lance Stroll,Racing Point,9,20,Engine,0.0,-9
2020,1,Austrian Grand Prix,Red Bull Ring,2020-07-05,19,RIC,Daniel Ricciardo,Renault,10,17,Overheating,0.0,-9
2020,1,Austrian Grand Prix,Red Bull Ring,2020-07-05,20,VER,Max Verstappen,Red Bull,2,11,Electronics,0.0,-18
2020,2,Styrian Grand Prix,Red Bull Ring,2020-07-12,1,HAM,Lewis Hamilton,Mercedes,1,71,Finished,25.0,0
2020,2,Styrian Grand Prix,Red Bull Ring,2020-07-12,2,BOT,Valtteri Bottas,Mercedes,4,71,Finished,18.0,2
2020,2,Styrian Grand Prix,Red Bull Ring,2020-07-12,3,VER,Max Verstappen,Red Bull,2,71,Finished,15.0,-1
2020,2,Styrian Grand Prix,Red Bull Ring,2020-07-12,4,ALB,Alexander Albon,Red Bull,6,71,Finished,12.0,2
2020,2,Styrian Grand Prix,Red Bull Ring,2020-07-12,5,NOR,Lando Norris,McLaren,9,71,Finished,10.0,4
2020,2,Styrian Grand Prix,Red Bull Ring,2020-07-12,6,PER,Sergio Pérez,Racing Point,17,71,Finished,8.0,11
2020,2,Styrian Grand Prix,Red Bull Ring,2020-07-12,7,STR,Lance Stroll,Racing Point,12,71,Finished,6.0,5
2020,2,Styrian Grand Prix,Red Bull Ring,2020-07-12,8,RIC,Daniel Ricciardo,Renault,8,71,Finished,4.0,0
2020,2,Styrian Grand Prix,Red Bull Ring,2020-07-12,9,SAI,Carlos Sainz,McLaren,3,70,+1 Lap,3.0,-6
2020,2,Styrian Grand Prix,Red Bull Ring,2020-07-12,10,KVY,Daniil Kvyat,AlphaTauri,13,70,+1 Lap,1.0,3
2020,2,Styrian Grand Prix,Red Bull Ring,2020-07-12,11,RAI,Kimi Räikkönen,Alfa Romeo,16,70,+1 Lap,0.0,5
2020,2,Styrian Grand Prix,Red Bull Ring,2020-07-12,12,MAG,Kevin Magnussen,Haas F1 Team,15,70,+1 Lap,0.0,3
2020,2,Styrian Grand Prix,Red Bull Ring,2020-07-12,13,GRO,Romain Grosjean,Haas F1 Team,0,70,+1 Lap,0.0,-13
2020,2,Styrian Grand Prix,Red Bull Ring,2020-07-12,14,GIO,Antonio Giovinazzi,Alfa Romeo,19,70,+1 Lap,0.0,5
2020,2,Styrian Grand Prix,Red Bull Ring,2020-07-12,15,GAS,Pierre Gasly,AlphaTauri,7,70,+1 Lap,0.0,-8
2020,2,Styrian Grand Prix,Red Bull Ring,2020-07-12,16,RUS,George Russell,Williams,11,69,+2 Laps,0.0,-5
2020,2,Styrian Grand Prix,Red Bull Ring,2020-07-12,17,LAT,Nicholas Latifi,Williams,18,69,+2 Laps,0.0,1
2020,2,Styrian Grand Prix,Red Bull Ring,2020-07-12,18,OCO,Esteban Ocon,Renault,5,25,Overheating,0.0,-13
2020,2,Styrian Grand Prix,Red Bull Ring,2020-07-12,19,LEC,Charles Leclerc,Ferrari,14,4,Collision damage,0.0,-5
2020,2,Styrian Grand Prix,Red Bull Ring,2020-07-12,20,VET,Sebastian Vettel,Ferrari,10,1,Collision damage,0.0,-10
2020,3,Hungarian Grand Prix,Hungaroring,2020-07-19,1,HAM,Lewis Hamilton,Mercedes,1,70,Finished,26.0,0
2020,3,Hungarian Grand Prix,Hungaroring,2020-07-19,2,VER,Max Verstappen,Red Bull,7,70,Finished,18.0,5
2020,3,Hungarian Grand Prix,Hungaroring,2020-07-19,3,BOT,Valtteri Bottas,Mercedes,2,70,Finished,15.0,-1
2020,3,Hungarian Grand Prix,Hungaroring,2020-07-19,4,STR,Lance Stroll,Racing Point,3,70,Finished,12.0,-1
2020,3,Hungarian Grand Prix,Hungaroring,2020-07-19,5,ALB,Alexander Albon,Red Bull,13,70,Finished,10.0,8
2020,3,Hungarian Grand Prix,Hungaroring,2020-07-19,6,VET,Sebastian Vettel,Ferrari,5,69,+1 Lap,8.0,-1
2020,3,Hungarian Grand Prix,Hungaroring,2020-07-19,7,PER,Sergio Pérez,Racing Point,4,69,+1 Lap,6.0,-3
2020,3,Hungarian Grand Prix,Hungaroring,2020-07-19,8,RIC,Daniel Ricciardo,Renault,11,69,+1 Lap,4.0,3
2020,3,Hungarian Grand Prix,Hungaroring,2020-07-19,9,SAI,Carlos Sainz,McLaren,9,69,+1 Lap,2.0,0
2020,3,Hungarian Grand Prix,Hungaroring,2020-07-19,10,MAG,Kevin Magnussen,Haas F1 Team,0,69,+1 Lap,1.0,-10
2020,3,Hungarian Grand Prix,Hungaroring,2020-07-19,11,LEC,Charles Leclerc,Ferrari,6,69,+1 Lap,0.0,-5
2020,3,Hungarian Grand Prix,Hungaroring,2020-07-19,12,KVY,Daniil Kvyat,AlphaTauri,17,69,+1 Lap,0.0,5
2020,3,Hungarian Grand Prix,Hungaroring,2020-07-19,13,NOR,Lando Norris,McLaren,8,69,+1 Lap,0.0,-5
2020,3,Hungarian Grand Prix,Hungaroring,2020-07-19,14,OCO,Esteban Ocon,Renault,14,69,+1 Lap,0.0,0
2020,3,Hungarian Grand Prix,Hungaroring,2020-07-19,15,RAI,Kimi Räikkönen,Alfa Romeo,20,69,+1 Lap,0.0,5
2020,3,Hungarian Grand Prix,Hungaroring,2020-07-19,16,GRO,Romain Grosjean,Haas F1 Team,0,69,+1 Lap,0.0,-16
2020,3,Hungarian Grand Prix,Hungaroring,2020-07-19,17,GIO,Antonio Giovinazzi,Alfa Romeo,19,69,+1 Lap,0.0,2
2020,3,Hungarian Grand Prix,Hungaroring,2020-07-19,18,RUS,George Russell,Williams,12,69,+1 Lap,0.0,-6
2020,3,Hungarian Grand Prix,Hungaroring,2020-07-19,19,LAT,Nicholas Latifi,Williams,15,65,+5 Laps,0.0,-4
2020,3,Hungarian Grand Prix,Hungaroring,2020-07-19,20,GAS,Pierre Gasly,AlphaTauri,10,15,Engine,0.0,-10
2020,4,British Grand Prix,Silverstone Circuit,2020-08-02,1,HAM,Lewis Hamilton,Mercedes,1,52,Finished,25.0,0
2020,4,British Grand Prix,Silverstone Circuit,2020-08-02,2,VER,Max Verstappen,Red Bull,3,52,Finished,19.0,1
2020,4,British Grand Prix,Silverstone Circuit,2020-08-02,3,LEC,Charles Leclerc,Ferrari,4,52,Finished,15.0,1
2020,4,British Grand Prix,Silverstone Circuit,2020-08-02,4,RIC,Daniel Ricciardo,Renault,8,52,Finished,12.0,4
2020,4,British Grand Prix,Silverstone Circuit,2020-08-02,5,NOR,Lando Norris,McLaren,5,52,Finished,10.0,0
2020,4,British Grand Prix,Silverstone Circuit,2020-08-02,6,OCO,Esteban Ocon,Renault,9,52,Finished,8.0,3
2020,4,British Grand Prix,Silverstone Circuit,2020-08-02,7,GAS,Pierre Gasly,AlphaTauri,11,52,Finished,6.0,4
2020,4,British Grand Prix,Silverstone Circuit,2020-08-02,8,ALB,Alexander Albon,Red Bull,12,52,Finished,4.0,4
2020,4,British Grand Prix,Silverstone Circuit,2020-08-02,9,STR,Lance Stroll,Racing Point,6,52,Finished,2.0,-3
2020,4,British Grand Prix,Silverstone Circuit,2020-08-02,10,VET,Sebastian Vettel,Ferrari,10,52,Finished,1.0,0
2020,4,British Grand Prix,Silverstone Circuit,2020-08-02,11,BOT,Valtteri Bottas,Mercedes,2,52,Finished,0.0,-9
2020,4,British Grand Prix,Silverstone Circuit,2020-08-02,12,RUS,George Russell,Williams,20,52,Finished,0.0,8
2020,4,British Grand Prix,Silverstone Circuit,2020-08-02,13,SAI,Carlos Sainz,McLaren,7,52,Finished,0.0,-6
2020,4,British Grand Prix,Silverstone Circuit,2020-08-02,14,GIO,Antonio Giovinazzi,Alfa Romeo,15,52,Finished,0.0,1
2020,4,British Grand Prix,Silverstone Circuit,2020-08-02,15,LAT,Nicholas Latifi,Williams,18,52,Finished,0.0,3
2020,4,British Grand Prix,Silverstone Circuit,2020-08-02,16,GRO,Romain Grosjean,Haas F1 Team,17,52,Finished,0.0,1
2020,4,British Grand Prix,Silverstone Circuit,2020-08-02,17,RAI,Kimi Räikkönen,Alfa Romeo,16,51,+1 Lap,0.0,-1
2020,4,British Grand Prix,Silverstone Circuit,2020-08-02,18,KVY,Daniil Kvyat,AlphaTauri,19,11,Accident,0.0,1
2020,4,British Grand Prix,Silverstone Circuit,2020-08-02,19,MAG,Kevin Magnussen,Haas F1 Team,14,1,Collision,0.0,-5
2020,4,British Grand Prix,Silverstone Circuit,2020-08-02,20,HUL,Nico Hülkenberg,Racing Point,13,0,Power Unit,0.0,-7
2020,5,70th Anniversary Grand Prix,Silverstone Circuit,2020-08-09,1,VER,Max Verstappen,Red Bull,4,52,Finished,25.0,3
2020,5,70th Anniversary Grand Prix,Silverstone Circuit,2020-08-09,2,HAM,Lewis Hamilton,Mercedes,2,52,Finished,19.0,0
2020,5,70th Anniversary Grand Prix,Silverstone Circuit,2020-08-09,3,BOT,Valtteri Bottas,Mercedes,1,52,Finished,15.0,-2
2020,5,70th Anniversary Grand Prix,Silverstone Circuit,2020-08-09,4,LEC,Charles Leclerc,Ferrari,8,52,Finished,12.0,4
2020,5,70th Anniversary Grand Prix,Silverstone Circuit,2020-08-09,5,ALB,Alexander Albon,Red Bull,9,52,Finished,10.0,4
2020,5,70th Anniversary Grand Prix,Silverstone Circuit,2020-08-09,6,STR,Lance Stroll,Racing Point,6,52,Finished,8.0,0
2020,5,70th Anniversary Grand Prix,Silverstone Circuit,2020-08-09,7,HUL,Nico Hülkenberg,Racing Point,3,52,Finished,6.0,-4
2020,5,70th Anniversary Grand Prix,Silverstone Circuit,2020-08-09,8,OCO,Esteban Ocon,Renault,14,52,Finished,4.0,6
2020,5,70th Anniversary Grand Prix,Silverstone Circuit,2020-08-09,9,NOR,Lando Norris,McLaren,10,52,Finished,2.0,1
2020,5,70th Anniversary Grand Prix,Silverstone Circuit,2020-08-09,10,KVY,Daniil Kvyat,AlphaTauri,16,52,Finished,1.0,6
2020,5,70th Anniversary Grand Prix,Silverstone Circuit,2020-08-09,11,GAS,Pierre Gasly,AlphaTauri,7,52,Finished,0.0,-4
2020,5,70th Anniversary Grand Prix,Silverstone Circuit,2020-08-09,12,VET,Sebastian Vettel,Ferrari,11,52,Finished,0.0,-1
2020,5,70th Anniversary Grand Prix,Silverstone Circuit,2020-08-09,13,SAI,Carlos Sainz,McLaren,12,52,Finished,0.0,-1
2020,5,70th Anniversary Grand Prix,Silverstone Circuit,2020-08-09,14,RIC,Daniel Ricciardo,Renault,5,51,+1 Lap,0.0,-9
2020,5,70th Anniversary Grand Prix,Silverstone Circuit,2020-08-09,15,RAI,Kimi Räikkönen,Alfa Romeo,20,51,+1 Lap,0.0,5
2020,5,70th Anniversary Grand Prix,Silverstone Circuit,2020-08-09,16,GRO,Romain Grosjean,Haas F1 Team,13,51,+1 Lap,0.0,-3
2020,5,70th Anniversary Grand Prix,Silverstone Circuit,2020-08-09,17,GIO,Antonio Giovinazzi,Alfa Romeo,19,51,+1 Lap,0.0,2
2020,5,70th Anniversary Grand Prix,Silverstone Circuit,2020-08-09,18,RUS,George Russell,Williams,15,51,+1 Lap,0.0,-3
2020,5,70th Anniversary Grand Prix,Silverstone Circuit,2020-08-09,19,LAT,Nicholas Latifi,Williams,18,51,+1 Lap,0.0,-1
2020,5,70th Anniversary Grand Prix,Silverstone Circuit,2020-08-09,20,MAG,Kevin Magnussen,Haas F1 Team,17,43,Retired,0.0,-3
